people group	噩賲丕毓丞 毓乇賯賷丞
people groups	噩賲丕毓丕鬲 毓乇賯賷丞
unreached people group	噩賲丕毓丞 毓乇賯賷丞 睾賷乇 賲購亘賱賻賾睾丞
unreached people groups	噩賲丕毓丕鬲 毓乇賯賷丞 睾賷乇 賲購亘賱賻賾睾丞
unengaged people group	噩賲丕毓丞 毓乇賯賷丞 睾賷乇 賲購賳禺乇賻胤丞
unengaged people groups	噩賲丕毓丕鬲 毓乇賯賷丞 睾賷乇 賲購賳禺乇賻胤丞
unengaged unreached people group	噩賲丕毓丞 毓乇賯賷丞 睾賷乇 賲購亘賱賻賾睾丞 賵睾賷乇 賲購賳禺乇賻胤丞
under-engaged	賳丕賯氐丞 丕賱丕賳禺乇丕胤
frontier people group	噩賲丕毓丞 毓乇賯賷丞 丨丿賵丿賷丞
frontier people groups	噩賲丕毓丕鬲 毓乇賯賷丞 丨丿賵丿賷丞
ethnolinguistic group	噩賲丕毓丞 廿孬賳賵賱睾賵賷丞
unreached	睾賷乇 賲購亘賱賻賾睾
unengaged	睾賷乇 賲購賳禺乇賻胤
engaged	賲購賳禺乇賻胤
engagement	丕賳禺乇丕胤
fruitful engagement	丕賳禺乇丕胤 賲孬賲乇
gospel access	丕賱賵氐賵賱 廿賱賶 丕賱廿賳噩賷賱
gospel engagement	丕賱丕賳禺乇丕胤 亘丕賱廿賳噩賷賱
the gospel	丕賱廿賳噩賷賱
church-planting movement	丨乇賰丞 鬲兀爻賷爻 賰賳丕卅爻
church planting	鬲兀爻賷爻 賰賳丕卅爻
indigenous church	賰賳賷爻丞 賲丨賱賾賷丞
indigenous churches	賰賳丕卅爻 賲丨賱賾賷丞
self-propagating	匕丕鬲賷 丕賱丕賳鬲卮丕乇
self-governing	匕丕鬲賷 丕賱丨賰賲
self-supporting	匕丕鬲賷 丕賱鬲賲賵賷賱
self-theologizing	匕丕鬲賷 丕賱賱丕賴賵鬲
self-missionizing	匕丕鬲賷 丕賱廿乇爻丕賱
residential engagement	丕賳禺乇丕胤 廿賯丕賲賷
workers in residence	毓丕賲賱賵賳 賲賯賷賲賵賳
cross-cultural workers	毓丕賲賱賵賳 毓丕亘乇賵賳 賱賱孬賯丕賮丕鬲
apostolic effort	噩賴丿 乇爻賵賱賷
pioneer work	毓賲賱 乇賷丕丿賷
heart language	丕賱賱睾丞 丕賱兀賲
movement to Jesus	丨乇賰丞 賳丨賵 賷爻賵毓
nonresident partners	卮乇賰丕亍 睾賷乇 賲賯賷賲賷賳
broader engagement	丕賳禺乇丕胤 兀賵爻毓
diaspora	卮鬲丕鬲
daily prayer	氐賱丕丞 賷賵賲賷丞
24-hour prayer coverage	鬲睾胤賷丞 氐賱丕丞 毓賱賶 賲丿丕乇 24 爻丕毓丞
intercessor	卮賮賷毓
intercessors	卮賮毓丕亍
intercessory prayer	氐賱丕丞 卮賮丕毓賷丞
prayer points	賳賯丕胤 氐賱丕丞
daily prayer guide	丿賱賷賱 丕賱氐賱丕丞 丕賱賷賵賲賷
prayer prepares the way	丕賱氐賱丕丞 鬲購賲賴賽賾丿 丕賱胤乇賷賯
Lord of the harvest	乇亘賾 丕賱丨氐丕丿
adopt	鬲亘賳賾賷
pray, give, and send	氐賱賾賵丕 賵賯丿賽賾賲賵丕 賵兀乇爻賽賱賵丕
mobilize	鬲毓亘卅丞
mobilization	鬲毓亘卅丞
sending agency	賵賰丕賱丞 廿乇爻丕賱
sending agencies	賵賰丕賱丕鬲 廿乇爻丕賱
our gift to Jesus	鬲賯丿賲鬲賳丕 賱賷爻賵毓
DOXA partnership missionaries	賲購乇爻賻賱賵賳 卮乇賰丕亍 賮賷 DOXA
every tribe, tongue, people, and nation	賰賱賾 賯亘賷賱丞 賵賱爻丕賳 賵卮毓亘 賵兀賲賾丞
make disciples of all the nations	鬲賱賲賽匕賵丕 噩賲賷毓 丕賱兀賲賲
disciple	鬲賱賲賷匕
disciples	鬲賱丕賲賷匕
baptized disciples	鬲賱丕賲賷匕 賲購毓賲賻賾丿賵賳
culturally appropriate	賲賱丕卅賲 孬賯丕賮賷賸賾丕
self-sustaining churches	賰賳丕卅爻 賲賰鬲賮賷丞 匕丕鬲賷賸賾丕
spiritual generations	兀噩賷丕賱 乇賵丨賷丞
abide in Jesus	丕孬亘購鬲賵丕 賮賷 賷爻賵毓
pray without ceasing	氐賱賾賵丕 亘賱丕 丕賳賯胤丕毓
deny yourself	兀賳賰賽乇賵丕 兀賳賮爻賰賲
engage the regions beyond	丕亘賱購睾賵丕 丕賱賲賳丕胤賯 丕賱兀亘毓丿
Pentecostal	禺賲爻賷賳賷
Statement of Faith	亘賷丕賳 丕賱廿賷賲丕賳
new birth	丕賱賵賱丕丿丞 丕賱噩丿賷丿丞
regeneration	丕賱鬲噩丿賷丿
justification	丕賱鬲亘乇賷乇
atonement	丕賱賰賮賾丕乇丞
sanctification	丕賱鬲賯丿賷爻
baptism in water	丕賱賲毓賲賵丿賷丞 亘丕賱賲丕亍
Lord's Supper	丕賱毓卮丕亍 丕賱乇亘賾丕賳賷
baptism in the Holy Spirit	丕賱賲毓賲賵丿賷丞 亘丕賱乇賵丨 丕賱賯丿爻
speaking in tongues	丕賱鬲賰賱賾賲 亘兀賱爻賳丞
gifts of the Holy Spirit	賲賵丕賴亘 丕賱乇賵丨 丕賱賯丿爻
pre-millennial return	丕賱乇噩賵毓 賯亘賱 丕賱兀賱賮賷丞
bodily resurrection	丕賱賯賷丕賲丞 丕賱噩爻丿賷丞
pray	氐賱賾賵丕
engage	丕賳禺乇賽胤賵丕
choose a people group	丕禺鬲丕乇賵丕 噩賲丕毓丞 毓乇賯賷丞
sign up	丕賱鬲爻噩賷賱
