people group	褝褌薪懈褔械褋泻邪褟 谐褉褍锌锌邪
people groups	褝褌薪懈褔械褋泻懈械 谐褉褍锌锌褘
unreached people group	薪械写芯褋褌懈谐薪褍褌邪褟 褝褌薪懈褔械褋泻邪褟 谐褉褍锌锌邪
unreached people groups	薪械写芯褋褌懈谐薪褍褌褘械 褝褌薪懈褔械褋泻懈械 谐褉褍锌锌褘
unengaged people group	薪械胁芯胁谢械褔褢薪薪邪褟 褝褌薪懈褔械褋泻邪褟 谐褉褍锌锌邪
unengaged people groups	薪械胁芯胁谢械褔褢薪薪褘械 褝褌薪懈褔械褋泻懈械 谐褉褍锌锌褘
unengaged unreached people group	薪械写芯褋褌懈谐薪褍褌邪褟 懈 薪械胁芯胁谢械褔褢薪薪邪褟 褝褌薪懈褔械褋泻邪褟 谐褉褍锌锌邪
under-engaged	薪械写芯褋褌邪褌芯褔薪芯 胁芯胁谢械褔褢薪薪邪褟
frontier people group	褝褌薪懈褔械褋泻邪褟 谐褉褍锌锌邪 薪邪 锌械褉械写芯胁芯泄
frontier people groups	褝褌薪懈褔械褋泻懈械 谐褉褍锌锌褘 薪邪 锌械褉械写芯胁芯泄
ethnolinguistic group	褝褌薪芯谢懈薪谐胁懈褋褌懈褔械褋泻邪褟 谐褉褍锌锌邪
unreached	薪械写芯褋褌懈谐薪褍褌褘泄
unengaged	薪械胁芯胁谢械褔褢薪薪褘泄
engaged	胁芯胁谢械褔褢薪薪褘泄
engagement	胁芯胁谢械褔械薪懈械
fruitful engagement	锌谢芯写芯褌胁芯褉薪芯械 胁芯胁谢械褔械薪懈械
gospel access	写芯褋褌褍锌 泻 袝胁邪薪谐械谢懈褞
gospel engagement	械胁邪薪谐械谢褜褋泻芯械 胁芯胁谢械褔械薪懈械
the gospel	袝胁邪薪谐械谢懈械
church-planting movement	写胁懈卸械薪懈械 薪邪褋邪卸写械薪懈褟 褑械褉泻胁械泄
church planting	薪邪褋邪卸写械薪懈械 褑械褉泻胁械泄
indigenous church	屑械褋褌薪邪褟 褑械褉泻芯胁褜
indigenous churches	屑械褋褌薪褘械 褑械褉泻胁懈
self-propagating	褋邪屑芯胁芯褋锌褉芯懈蟹胁芯写褟褖懈泄褋褟
self-governing	褋邪屑芯褍锌褉邪胁谢褟械屑褘泄
self-supporting	褋邪屑芯褎懈薪邪薪褋懈褉褍械屑褘泄
self-theologizing	褋邪屑芯斜芯谐芯褋谢芯胁褋褌胁褍褞褖懈泄
self-missionizing	褋邪屑芯屑懈褋褋懈芯薪械褉褋泻懈泄
residential engagement	胁芯胁谢械褔械薪懈械 薪邪 屑械褋褌械
workers in residence	褉械蟹懈写械薪褌薪褘械 褉邪斜芯褌薪懈泻懈
cross-cultural workers	屑械卸泻褍谢褜褌褍褉薪褘械 褉邪斜芯褌薪懈泻懈
apostolic effort	邪锌芯褋褌芯谢褜褋泻芯械 褋谢褍卸械薪懈械
pioneer work	锌懈芯薪械褉褋泻芯械 褋谢褍卸械薪懈械
heart language	褉芯写薪芯泄 褟蟹褘泻
movement to Jesus	写胁懈卸械薪懈械 泻 袠懈褋褍褋褍
nonresident partners	薪械褉械蟹懈写械薪褌薪褘械 锌邪褉褌薪褢褉褘
broader engagement	褉邪褋褕懈褉械薪薪芯械 胁芯胁谢械褔械薪懈械
diaspora	写懈邪褋锌芯褉邪
daily prayer	械卸械写薪械胁薪邪褟 屑芯谢懈褌胁邪
24-hour prayer coverage	泻褉褍谐谢芯褋褍褌芯褔薪芯械 屑芯谢懈褌胁械薪薪芯械 锌芯泻褉褘褌懈械
intercessor	褏芯写邪褌邪泄
intercessors	褏芯写邪褌邪懈
intercessory prayer	褏芯写邪褌邪泄褋褌胁械薪薪邪褟 屑芯谢懈褌胁邪
prayer points	屑芯谢懈褌胁械薪薪褘械 薪褍卸写褘
daily prayer guide	械卸械写薪械胁薪褘泄 屑芯谢懈褌胁械薪薪褘泄 锌褍褌械胁芯写懈褌械谢褜
prayer prepares the way	屑芯谢懈褌胁邪 谐芯褌芯胁懈褌 锌褍褌褜
Lord of the harvest	袚芯褋锌芯写懈薪 卸邪褌胁褘
adopt	胁蟹褟褌褜 锌芯锌械褔械薪懈械
pray, give, and send	屑芯谢懈褌械褋褜, 卸械褉褌胁褍泄褌械 懈 锌芯褋褘谢邪泄褌械
mobilize	屑芯斜懈谢懈蟹芯胁邪褌褜
mobilization	屑芯斜懈谢懈蟹邪褑懈褟
sending agency	锌芯褋褘谢邪褞褖邪褟 芯褉谐邪薪懈蟹邪褑懈褟
sending agencies	锌芯褋褘谢邪褞褖懈械 芯褉谐邪薪懈蟹邪褑懈懈
our gift to Jesus	薪邪褕 写邪褉 袠懈褋褍褋褍
DOXA partnership missionaries	屑懈褋褋懈芯薪械褉褘-锌邪褉褌薪褢褉褘 DOXA
every tribe, tongue, people, and nation	胁褋褟泻芯械 泻芯谢械薪芯, 懈 褟蟹褘泻, 懈 薪邪褉芯写, 懈 锌谢械屑褟
make disciples of all the nations	薪邪褍褔懈褌械 胁褋械 薪邪褉芯写褘
disciple	褍褔械薪懈泻
disciples	褍褔械薪懈泻懈
baptized disciples	泻褉械褖褢薪褘械 褍褔械薪懈泻懈
culturally appropriate	泻褍谢褜褌褍褉薪芯 邪写邪锌褌懈褉芯胁邪薪薪褘泄
self-sustaining churches	褋邪屑芯褋褌芯褟褌械谢褜薪褘械 褑械褉泻胁懈
spiritual generations	写褍褏芯胁薪褘械 锌芯泻芯谢械薪懈褟
abide in Jesus	锌褉械斜褘胁邪泄褌械 胁 袠懈褋褍褋械
pray without ceasing	薪械锌褉械褋褌邪薪薪芯 屑芯谢懈褌械褋褜
deny yourself	芯褌胁械褉谐薪懈褌械 褋械斜褟
engage the regions beyond	薪械褋懈褌械 袝胁邪薪谐械谢懈械 蟹邪 锌褉械写械谢褘
Pentecostal	锌褟褌懈写械褋褟褌薪懈褔械褋泻懈泄
Statement of Faith	袠褋锌芯胁械写邪薪懈械 胁械褉褘
new birth	褉芯卸写械薪懈械 褋胁褘褕械
regeneration	胁芯蟹褉芯卸写械薪懈械
justification	芯锌褉邪胁写邪薪懈械
atonement	懈褋泻褍锌谢械薪懈械
sanctification	芯褋胁褟褖械薪懈械
baptism in water	胁芯写薪芯械 泻褉械褖械薪懈械
Lord's Supper	袙械褔械褉褟 袚芯褋锌芯写薪褟
baptism in the Holy Spirit	泻褉械褖械薪懈械 袛褍褏芯屑 小胁褟褌褘屑
speaking in tongues	谐芯胁芯褉械薪懈械 薪邪 懈薪褘褏 褟蟹褘泻邪褏
gifts of the Holy Spirit	写邪褉褘 小胁褟褌芯谐芯 袛褍褏邪
pre-millennial return	写芯屑懈谢谢械薪薪懈邪谢褜薪芯械 胁芯蟹胁褉邪褖械薪懈械
bodily resurrection	褌械谢械褋薪芯械 胁芯褋泻褉械褋械薪懈械
pray	屑芯谢懈褌褜褋褟
engage	胁芯胁谢械泻邪褌褜
choose a people group	胁褘斜褉邪褌褜 褝褌薪懈褔械褋泻褍褞 谐褉褍锌锌褍
sign up	蟹邪褉械谐懈褋褌褉懈褉芯胁邪褌褜褋褟
